<annotation>
	<folder>pa</folder>
	<filename>patches_199.jpg</filename>
	<source>
		<database>NEU-DET</database>
	</source>
	<size>
		<width>200</width>
		<height>200</height>
		<depth>1</depth>
	</size>
	<segmented>0</segmented>
	<object>
		<name>patches</name>
		<pose>Unspecified</pose>
		<truncated>0</truncated>
		<difficult>0</difficult>
		<bndbox>
			<xmin>6</xmin>
			<ymin>6</ymin>
			<xmax>163</xmax>
			<ymax>131</ymax>
		</bndbox>
	</object>
	<object>
		<name>patches</name>
		<pose>Unspecified</pose>
		<truncated>0</truncated>
		<difficult>0</difficult>
		<bndbox>
			<xmin>91</xmin>
			<ymin>120</ymin>
			<xmax>142</xmax>
			<ymax>199</ymax>
		</bndbox>
	</object>
	<object>
		<name>inclusion</name>
		<pose>Unspecified</pose>
		<truncated>0</truncated>
		<difficult>0</difficult>
		<bndbox>
			<xmin>55</xmin>
			<ymin>148</ymin>
			<xmax>116</xmax>
			<ymax>195</ymax>
		</bndbox>
	</object>
</annotation>
