<annotation>
  <folder>pa</folder>
  <filename>patches_18</filename>
  <source>
    <database>NEU-DET</database>
  </source>
  <size>
    <width>200</width>
    <height>200</height>
    <depth>1</depth>
  </size>
  <segmented>0</segmented>
  <object>
    <name>patches</name>
    <pose>Unspecified</pose>
    <truncated>0</truncated>
    <difficult>0</difficult>
    <bndbox>
      <xmin>42</xmin>
      <ymin>1</ymin>
      <xmax>108</xmax>
      <ymax>78</ymax>
    </bndbox>
  </object>
  <object>
    <name>patches</name>
    <pose>Unspecified</pose>
    <truncated>0</truncated>
    <difficult>0</difficult>
    <bndbox>
      <xmin>116</xmin>
      <ymin>47</ymin>
      <xmax>183</xmax>
      <ymax>108</ymax>
    </bndbox>
  </object>
  <object>
    <name>patches</name>
    <pose>Unspecified</pose>
    <truncated>0</truncated>
    <difficult>0</difficult>
    <bndbox>
      <xmin>50</xmin>
      <ymin>116</ymin>
      <xmax>97</xmax>
      <ymax>200</ymax>
    </bndbox>
  </object>
</annotation>
