<annotation>
  <folder>pa</folder>
  <filename>patches_182</filename>
  <source>
		<database>NEU-DET</database>
  </source>
  <size>
    <width>200</width>
    <height>200</height>
    <depth>1</depth>
  </size>
  <segmented>0</segmented>
  <object>
    <name>patches</name>
    <pose>Unspecified</pose>
    <truncated>0</truncated>
    <difficult>0</difficult>
    <bndbox>
      <xmin>50</xmin>
      <ymin>16</ymin>
      <xmax>136</xmax>
      <ymax>139</ymax>
    </bndbox>
  </object>
</annotation>
